{
  "xgboost": {
    "max_depth": 6,
    "learning_rate": 0.07223834206784364,
    "n_estimators": 82,
    "min_child_weight": 2,
    "subsample": 0.9246223531200722,
    "colsample_bytree": 0.8519107587429304,
    "gamma": 0.3989355636361953,
    "reg_alpha": 0.026607276221833738,
    "reg_lambda": 0.02124064149519086
  },
  "lightgbm": {
    "num_leaves": 140,
    "max_depth": 4,
    "learning_rate": 0.06824910839371519,
    "n_estimators": 206,
    "min_child_samples": 87,
    "subsample": 0.6165930313224749,
    "colsample_bytree": 0.7907405436924992,
    "reg_alpha": 8.621478448131452,
    "reg_lambda": 1.3730520498054318e-07
  }
}