{
    "profit_take": 0.10577529547538221,
    "stop_loss": -0.10227408445313205,
    "buy_score": 86,
    "sell_score": 50,
    "cooldown": 41
}